{"cameraMode":{"drawMode":0,"name":"Shaded","section":"Shading Mode"},"sceneLighting":true,"audioPlay":false,"sceneViewState":{"showFog":false,"showMaterialUpdate":false,"showSkybox":true,"showFlares":false,"showImageEffects":false,"showParticleSystems":false},"in2DMode":false,"pivot":{"x":-13.49510669708252,"y":-19.200098037719728,"z":-17.45343780517578},"rotation":{"x":0.13381613790988923,"y":-0.8609880805015564,"z":0.2923247814178467,"w":0.3941308557987213},"size":42.47685623168945,"orthographic":false}