{"cameraMode":{"drawMode":0,"name":"Shaded","section":"Shading Mode"},"sceneLighting":true,"audioPlay":false,"sceneViewState":{"showFog":false,"showMaterialUpdate":false,"showSkybox":true,"showFlares":false,"showImageEffects":false,"showParticleSystems":false},"in2DMode":false,"pivot":{"x":-11.715749740600586,"y":-20.778465270996095,"z":-17.736427307128908},"rotation":{"x":0.13476164638996125,"y":-0.8629621863365173,"z":0.30896633863449099,"w":0.37639808654785159},"size":45.07938766479492,"orthographic":false}