{"cameraMode":{"drawMode":0,"name":"Shaded","section":"Shading Mode"},"sceneLighting":true,"audioPlay":false,"sceneViewState":{"showFog":false,"showMaterialUpdate":false,"showSkybox":false,"showFlares":false,"showImageEffects":false,"showParticleSystems":true},"in2DMode":false,"pivot":{"x":-2.4849853515625,"y":-1.0746688842773438,"z":2.7294273376464845},"rotation":{"x":-0.09867497533559799,"y":0.8986696004867554,"z":-0.2635907828807831,"w":-0.336416631937027},"size":36.85893630981445,"orthographic":false}