{"cameraMode":{"drawMode":0,"name":"Shaded","section":"Shading Mode"},"sceneLighting":false,"audioPlay":false,"sceneViewState":{"showFog":true,"showMaterialUpdate":false,"showSkybox":false,"showFlares":true,"showImageEffects":true,"showParticleSystems":true},"in2DMode":false,"pivot":{"x":5.449999809265137,"y":0.6750000715255737,"z":5.650000095367432},"rotation":{"x":-0.2402973175048828,"y":0.7195379137992859,"z":-0.2985572814941406,"w":-0.5791285634040833},"size":8.637454986572266,"orthographic":false}