{"cameraMode":{"drawMode":0,"name":"Shaded","section":"Shading Mode"},"sceneLighting":true,"audioPlay":false,"sceneViewState":{"showFog":true,"showMaterialUpdate":false,"showSkybox":true,"showFlares":true,"showImageEffects":true,"showParticleSystems":true},"in2DMode":false,"pivot":{"x":17.475622177124025,"y":1.7869491577148438,"z":10.813082695007325},"rotation":{"x":-0.43615788221359255,"y":0.5143662691116333,"z":-0.34314146637916567,"w":-0.6538044214248657},"size":10.522686004638672,"orthographic":false}