{"cameraMode":{"drawMode":0,"name":"Shaded","section":"Shading Mode"},"sceneLighting":true,"audioPlay":false,"sceneViewState":{"showFog":true,"showMaterialUpdate":false,"showSkybox":true,"showFlares":true,"showImageEffects":true,"showParticleSystems":true},"in2DMode":false,"pivot":{"x":20.713241577148439,"y":-3.3873748779296877,"z":-4.406262397766113},"rotation":{"x":0.06767896562814713,"y":0.930431067943573,"z":-0.28354963660240176,"w":0.22207972407341004},"size":27.157703399658204,"orthographic":false}